{
  "created_at": 1757586653.7717712,
  "visit_count": 8,
  "last_visit": 1757586987.382423
}