{
  "created_at": 1757855110.284591,
  "visit_count": 14,
  "last_visit": 1757855726.7793024,
  "authenticated": false,
  "user_id": null,
  "username": null
}