{
  "created_at": 1757590597.305525,
  "visit_count": 3,
  "last_visit": 1757590627.725589,
  "authenticated": false,
  "user_id": null,
  "username": null
}