{
  "created_at": 1757587824.7790966,
  "visit_count": 2,
  "last_visit": 1757587843.5592206
}