{
  "created_at": 1757590642.7680435,
  "visit_count": 2,
  "last_visit": 1757590652.4648514,
  "authenticated": false,
  "user_id": null,
  "username": null
}