{
  "created_at": 1757590667.482131,
  "visit_count": 2,
  "last_visit": 1757590675.8667498,
  "authenticated": true,
  "user_id": 101,
  "username": "admin",
  "login_time": 1757590801.788417
}