{
  "created_at": 1757587864.2974777,
  "visit_count": 7,
  "last_visit": 1757590578.2702875,
  "authenticated": false,
  "user_id": null,
  "username": null
}