{
  "created_at": 1757587279.417997,
  "visit_count": 11,
  "last_visit": 1757587805.64289
}